<?xml version="1.0" encoding="UTF-8"?><?xml-stylesheet type='text/xsl' href='_UpgradeReport_Files/UpgradeReport.xslt'?><UpgradeLog>
<Properties><Property Name="Solution" Value="SITS SSIS">
</Property><Property Name="Solution File" Value="E:\SSISPROJECTS\SSISPROJECTS\SITS SSIS\SITS SSIS.sln">
</Property><Property Name="User Options File" Value="E:\SSISPROJECTS\SSISPROJECTS\SITS SSIS\SITS SSIS.suo">
</Property><Property Name="Date" Value="27 January 2014">
</Property><Property Name="Time" Value="14:27">
</Property></Properties><Event ErrorLevel="0" Project="" Source="SITS SSIS.sln" Description="File successfully backed up as E:\SSISPROJECTS\SSISPROJECTS\SITS SSIS\Backup\SITS SSIS.sln">
</Event><Event ErrorLevel="0" Project="" Source="SITS SSIS.suo" Description="File successfully backed up as E:\SSISPROJECTS\SSISPROJECTS\SITS SSIS\Backup\SITS SSIS.suo">
</Event><Event ErrorLevel="0" Project="SITS SSIS" Source="SITS SSIS.database" Description="File successfully backed up as E:\SSISPROJECTS\SSISPROJECTS\SITS SSIS\Backup\SITS SSIS\SITS SSIS.database">
</Event><Event ErrorLevel="0" Project="SITS SSIS" Source="ssisUNNSLC01_ACR_update_spreadsheet.dtsx" Description="File successfully backed up as E:\SSISPROJECTS\SSISPROJECTS\SITS SSIS\Backup\SITS SSIS\ssisUNNSLC01_ACR_update_spreadsheet.dtsx">
</Event><Event ErrorLevel="0" Project="SITS SSIS" Source="ssisUNNPROSPECTS01_ExtractStudents.dtsx" Description="File successfully backed up as E:\SSISPROJECTS\SSISPROJECTS\SITS SSIS\Backup\SITS SSIS\ssisUNNPROSPECTS01_ExtractStudents.dtsx">
</Event><Event ErrorLevel="0" Project="SITS SSIS" Source="ssisUNNSITS02_Update_UNNMailnames.dtsx" Description="File successfully backed up as E:\SSISPROJECTS\SSISPROJECTS\SITS SSIS\Backup\SITS SSIS\ssisUNNSITS02_Update_UNNMailnames.dtsx">
</Event><Event ErrorLevel="0" Project="SITS SSIS" Source="ssisUNNLIBRARY01_Library.dtsx" Description="File successfully backed up as E:\SSISPROJECTS\SSISPROJECTS\SITS SSIS\Backup\SITS SSIS\ssisUNNLIBRARY01_Library.dtsx">
</Event><Event ErrorLevel="0" Project="SITS SSIS" Source="ssisUNNACC01_Execute_SITS-ACC2.dtsx" Description="File successfully backed up as E:\SSISPROJECTS\SSISPROJECTS\SITS SSIS\Backup\SITS SSIS\ssisUNNACC01_Execute_SITS-ACC2.dtsx">
</Event><Event ErrorLevel="0" Project="SITS SSIS" Source="ssisUNNACC01a_Execute_Payments-ACC2.dtsx" Description="File successfully backed up as E:\SSISPROJECTS\SSISPROJECTS\SITS SSIS\Backup\SITS SSIS\ssisUNNACC01a_Execute_Payments-ACC2.dtsx">
</Event><Event ErrorLevel="0" Project="SITS SSIS" Source="ssisUNNACC02_Execute_ACC2-SITS.dtsx" Description="File successfully backed up as E:\SSISPROJECTS\SSISPROJECTS\SITS SSIS\Backup\SITS SSIS\ssisUNNACC02_Execute_ACC2-SITS.dtsx">
</Event><Event ErrorLevel="0" Project="SITS SSIS" Source="ssisUNNSITS01_Import_UNNMailnames.dtsx" Description="File successfully backed up as E:\SSISPROJECTS\SSISPROJECTS\SITS SSIS\Backup\SITS SSIS\ssisUNNSITS01_Import_UNNMailnames.dtsx">
</Event><Event ErrorLevel="0" Project="SITS SSIS" Source="ssisUNNADMIS02_SITS-EMT.dtsx" Description="File successfully backed up as E:\SSISPROJECTS\SSISPROJECTS\SITS SSIS\Backup\SITS SSIS\ssisUNNADMIS02_SITS-EMT.dtsx">
</Event><Event ErrorLevel="0" Project="SITS SSIS" Source="ssisUNNFTP01_Universal_FTP_OnError.dtsx" Description="File successfully backed up as E:\SSISPROJECTS\SSISPROJECTS\SITS SSIS\Backup\SITS SSIS\ssisUNNFTP01_Universal_FTP_OnError.dtsx">
</Event><Event ErrorLevel="0" Project="SITS SSIS" Source="ssisUNNACCESSFUNDS01_Routes_and_Students.dtsx" Description="File successfully backed up as E:\SSISPROJECTS\SSISPROJECTS\SITS SSIS\Backup\SITS SSIS\ssisUNNACCESSFUNDS01_Routes_and_Students.dtsx">
</Event><Event ErrorLevel="0" Project="SITS SSIS" Source="ssisUNNSAP01_SITS-SAP.dtsx" Description="File successfully backed up as E:\SSISPROJECTS\SSISPROJECTS\SITS SSIS\Backup\SITS SSIS\ssisUNNSAP01_SITS-SAP.dtsx">
</Event><Event ErrorLevel="0" Project="SITS SSIS" Source="ssisUNNWelfare01_ExtractStudents.dtsx" Description="File successfully backed up as E:\SSISPROJECTS\SSISPROJECTS\SITS SSIS\Backup\SITS SSIS\ssisUNNWelfare01_ExtractStudents.dtsx">
</Event><Event ErrorLevel="0" Project="SITS SSIS" Source="SITS SSIS.dtproj" Description="File successfully backed up as E:\SSISPROJECTS\SSISPROJECTS\SITS SSIS\Backup\SITS SSIS\SITS SSIS.dtproj">
</Event><Event ErrorLevel="3" Project="SITS SSIS" Source="SITS SSIS.dtproj" Description="Converted">
</Event><Event ErrorLevel="0" Project="SITS SSIS" Source="SITS SSIS.dtproj" Description="Project converted successfully.">
</Event><Event ErrorLevel="0" Project="" Source="SITS SSIS.sln" Description="Solution converted successfully">
</Event><Event ErrorLevel="3" Project="" Source="SITS SSIS.sln" Description="Converted">
</Event></UpgradeLog>